<?xml version="1.0" encoding="UTF-8"?>

<!-- Document : databases.xml Created on : 12 de Maio de 2003, 20:19 Author 
	: Paulo Sobreira Description: Purpose of the document follows. -->

<root>
	<db>
		<name>
			HSQL
		</name>
		<dbdriver>
			org.hsqldb.jdbcDriver
		</dbdriver>
		<dburl>
			jdbc:hsqldb:hsql://localhost/cligenBD
		</dburl>
	</db>
	<db>
		<name>
			Mysql
		</name>
		<dbdriver>
			org.gjt.mm.mysql.Driver
		</dbdriver>
		<dburl>
			jdbc:mysql://localhost:3306/database?characterEncoding=utf8
		</dburl>
	</db>
	<db>
		<name>
			Oracle
		</name>
		<dbdriver>
			oracle.jdbc.driver.OracleDriver
		</dbdriver>
		<dburl>
			jdbc:oracle:thin:@localhost:1521:sid
		</dburl>
	</db>
	<db>
		<name>
			Postgres
		</name>
		<dbdriver>
			org.postgresql.Driver
		</dbdriver>
		<dburl>
			jdbc:postgresql://localhost/database
		</dburl>
	</db>
	<db>
		<name>
			Odbc
		</name>
		<dbdriver>
			sun.jdbc.odbc.JdbcOdbcDriver
		</dbdriver>
		<dburl>
			jdbc:odbc:simples
		</dburl>
	</db>
	<db>
		<name>
			SqlServer
		</name>
		<dbdriver>
			com.microsoft.jdbc.sqlserver.SQLServerDriver
		</dbdriver>
		<dburl>
			jdbc:microsoft:sqlserver://localhost
		</dburl>
	</db>
	<db>
		<dbdriver>
		</dbdriver>
		<dburl>
		</dburl>
	</db>
</root>
